<?xml version="1.0" encoding="UTF-8"?>
<gmd:MD_Metadata xmlns:gmd="http://www.isotc211.org/2005/gmd" xmlns:gco="http://www.isotc211.org/2005/gco" xmlns:srv="http://www.isotc211.org/2005/srv" xmlns:gml="http://www.opengis.net/gml/3.2" xmlns:xlink="http://www.w3.org/1999/xlink">
	<gmd:fileIdentifier>
		<gco:CharacterString>90b4e9a7-eb7a-48a2-9639-1e5b906ede05</gco:CharacterString>
	</gmd:fileIdentifier>
	<gmd:language>
		<gmd:LanguageCode codeList="http://standards.iso.org/ittf/PubliclyAvailableStandards/ISO_19139_Schemas/resources/Codelist/ML_gmxCodelists.xml#LanguageCode" codeListValue="eng">eng</gmd:LanguageCode>
	</gmd:language>
	<gmd:hierarchyLevel>
		<gmd:MD_ScopeCode codeList="http://www.isotc211.org/2005/resources/Codelist/gmxCodelists.xml#MD_ScopeCode" codeListValue="dataset">dataset</gmd:MD_ScopeCode>
	</gmd:hierarchyLevel>
	<gmd:contact>
		<gmd:CI_ResponsibleParty>
			<gmd:organisationName>
				<gco:CharacterString>Office for National Statistics</gco:CharacterString>
			</gmd:organisationName>
			<gmd:contactInfo>
				<gmd:CI_Contact>
					<gmd:address>
						<gmd:CI_Address>
							<gmd:electronicMailAddress>
								<gco:CharacterString>ons.geography@ons.gsi.gov.uk</gco:CharacterString>
							</gmd:electronicMailAddress>
						</gmd:CI_Address>
					</gmd:address>
				</gmd:CI_Contact>
			</gmd:contactInfo>
			<gmd:role>
				<gmd:CI_RoleCode codeList="http://www.isotc211.org/2005/resources/Codelist/gmxCodelists.xml#CI_RoleCode" codeListValue="pointOfContact">pointOfContact</gmd:CI_RoleCode>
			</gmd:role>
		</gmd:CI_ResponsibleParty>
	</gmd:contact>
	<gmd:dateStamp>
		<gco:Date>2013-04-25</gco:Date>
	</gmd:dateStamp>
	<gmd:metadataStandardName>
		<gco:CharacterString>UK GEMINI</gco:CharacterString>
	</gmd:metadataStandardName>
	<gmd:metadataStandardVersion>
		<gco:CharacterString>2.1</gco:CharacterString>
	</gmd:metadataStandardVersion>
	<gmd:referenceSystemInfo>
		<gmd:MD_ReferenceSystem>
			<gmd:referenceSystemIdentifier>
				<gmd:RS_Identifier>
					<gmd:code>
						<gco:CharacterString>OSGB 1936 / British National Grid (EPSG:27700)</gco:CharacterString>
					</gmd:code>
					<gmd:codeSpace>
						<gco:CharacterString>EPSG</gco:CharacterString>
					</gmd:codeSpace>
				</gmd:RS_Identifier>
			</gmd:referenceSystemIdentifier>
		</gmd:MD_ReferenceSystem>
	</gmd:referenceSystemInfo>
	<gmd:identificationInfo>
		<gmd:MD_DataIdentification>
			<gmd:citation>
				<gmd:CI_Citation>
					<gmd:title>
						<gco:CharacterString>Lower layer super output areas (2001) to lower layer super output areas (2011) to local authority districts (2011) E+W Lookup</gco:CharacterString>
					</gmd:title>
					<gmd:alternateTitle>
						<gco:CharacterString>Lower layer SOA (2001) to lower layer SOA (2011) to LAD (2011) E+W Lookup</gco:CharacterString>
					</gmd:alternateTitle>
					<gmd:alternateTitle>
						<gco:CharacterString>LSOA01_LSOA11_LAD11_EW_LU</gco:CharacterString>
					</gmd:alternateTitle>
					<gmd:date>
						<gmd:CI_Date>
							<gmd:date>
								<gco:Date>2011-12-31</gco:Date>
							</gmd:date>
							<gmd:dateType>
								<gmd:CI_DateTypeCode codeList="http://www.isotc211.org/2005/resources/Codelist/gmxCodelists.xml#CI_DateTypeCode" codeListValue="publication">publication</gmd:CI_DateTypeCode>
							</gmd:dateType>
						</gmd:CI_Date>
					</gmd:date>
					<gmd:identifier>
						<gmd:RS_Identifier>
							<gmd:code>
								<gco:CharacterString>LSOA01_LSOA11_LAD11_EW_LU</gco:CharacterString>
							</gmd:code>
						</gmd:RS_Identifier>
					</gmd:identifier>
				</gmd:CI_Citation>
			</gmd:citation>
			<gmd:abstract>
				<gco:CharacterString>This is a best-fit lookup file between lower layer super output areas as at December 2001 and lower layer super output areas and local authority districts as at December 2011 in England and Wales. The set of lower and middle layer super output areas, built in 2004 from 2001 output areas, are referred to as 2001 super output areas. Super output areas (SOA) are a geographic hierarchy designed to improve the reporting of small area statistics. Unlike electoral wards, they will not be subjected to regular boundary change. The 34,378 lower layer SOA in England (32,482) and Wales (1,896) were built from groups of output areas (typically four to six) and constrained by the boundaries of the Standard Table (ST) wards used for 2001 Census outputs. LSOA have a minimum population of 1,000 (an average of 1.500) and a minimum resident household of 400 (an average of 630). Lower layer SOA are used as the building block for middle layer SOA. The 2001 output areas and super output areas were maintained using 2011 Census data and are referred to as 2011 output areas and super output areas. The 34,753 lower layer SOA in England (32,844) and Wales (1,909) were built from groups of output areas that were created in 2003 and maintained in 2011. The LSOA take into account the changes made at OA level and their boundaries are constrained to the 2011 local authority district boundaries. These changes mean that where possible, the LSOA stay within the minimum and maximum ranges. They have a minimum of 1,000 residential population (an average of 1,600) and 400 households (an average of 650). The majority of lower layer SOA have not changed since 2004, allowing time-series comparison of statistics at that level. Lower layer SOA are used as the building block for middle layer SOA and several other geographies e.g. cancer networks. Local authority districts (LAD) is a generic term to describe the &apos;district&apos; level of local government in England and Wales. It includes non-metropolitan districts, metropolitan districts, unitary authorities and London boroughs in England; and Welsh unitary authorities. The areas are made up of whole electoral wards/divisions. All 2011 output areas align exactly within the local authority district boundaries defined as at 31st December 2011. 
This product has been provided with a &apos;change indicator&apos; field, that define the lookup between 2001 and 2011 LSOA. This field indicates which output areas / super output areas have changed between 2001 and 2011. There are four designated categories to describe the changes, and these are as follows: - U - No Change from 2001 to 2011. This means that direct comparisons can be made between these 2001 and 2011 LSOA. - S - Split. This means that the 2001 LSOA has been split into two or more 2011 LSOA. There will be one record for each of the 2011 LSOA that the 2001 LSOA has been split into. This means direct comparisons can be made between estimates for the single 2001 LSOA and the estimates from the aggregated 2011 LSOA. - M - Merged. 2001 LSOA have been merged with another one or more 2001 LSOA to form a single 2011 LSOA. This means direct comparisons can be made between the aggregated 2001 LSOAs’ estimates and the single 2011 LSOA’s estimates. - X - The relationship between 2001 and 2011 LSOA is irregular and fragmented. This has occurred where 2001 LSOA have been redesigned because of local authority district boundary changes, or to improve their social homogeneity. These can’t be easily mapped to equivalent 2011 LSOA like the regular splits (S) and merges (M), and therefore like for like comparisons of estimates for 2001 LSOA and 2011 LSOA are not possible. Each 2001 LSOA with an ‘X’ code is best-fitted to a 2011 LSOA by plotting the 2001 LSOA’s centroid into a 2011 LSOA boundary. However, this does not imply an exclusive 1:1 relationship with a 2011 LSOA, as it will also have a relationship with fragments of other 2011 LSOA; the lookup is provided here so that all 2001 LSOA are included in the lookup. More information about the changes between 2001 and 2011 OA and SOA can be found in the document link below. In response to customer feedback, additional information to show the relationship between 2011 LSOA and local authority districts has been added to this product. Information on changes to local authority districts as part of the Local Government Reorganisation in 2009 has also been provided as a separate document. Please be aware that when exporting files out of the portal there is potential that certain Welsh characters could become corrupted. Please refer to attached spreadsheet for further information. In addition, if your downloaded file is imported into Access, the delimiter will need to be set to &apos;double quotes&apos;, so records are displayed correctly. Please be aware that if you download this lookup file in text or csv format and then import the file into ArcGIS 10.1, the ArcGIS software will make the assumption that the nine character geography codes contain information that relate to grid reference and attempt to create extra grid references fields based on these codes. If this happens please delete the extra grid reference information fields from your file as these grid references will not be valid or accurate.</gco:CharacterString>
			</gmd:abstract>
			<gmd:pointOfContact>
				<gmd:CI_ResponsibleParty>
					<gmd:individualName>
						<gco:CharacterString>ONS Geography Customer Services</gco:CharacterString>
					</gmd:individualName>
					<gmd:organisationName>
						<gco:CharacterString>Office for National Statistics</gco:CharacterString>
					</gmd:organisationName>
					<gmd:contactInfo>
						<gmd:CI_Contact>
							<gmd:phone>
								<gmd:CI_Telephone>
									<gmd:voice>
										<gco:CharacterString>+44 (0)1329 444971</gco:CharacterString>
									</gmd:voice>
								</gmd:CI_Telephone>
							</gmd:phone>
							<gmd:address>
								<gmd:CI_Address>
									<gmd:deliveryPoint>
										<gco:CharacterString>Segensworth Road, Titchfield</gco:CharacterString>
									</gmd:deliveryPoint>
									<gmd:city>
										<gco:CharacterString>Fareham</gco:CharacterString>
									</gmd:city>
									<gmd:administrativeArea>
										<gco:CharacterString>Hampshire</gco:CharacterString>
									</gmd:administrativeArea>
									<gmd:postalCode>
										<gco:CharacterString>PO15 5RR</gco:CharacterString>
									</gmd:postalCode>
									<gmd:country>
										<gco:CharacterString>United Kingdom</gco:CharacterString>
									</gmd:country>
									<gmd:electronicMailAddress>
										<gco:CharacterString>ons.geography@ons.gsi.gov.uk</gco:CharacterString>
									</gmd:electronicMailAddress>
								</gmd:CI_Address>
							</gmd:address>
							<gmd:onlineResource>
								<gmd:CI_OnlineResource>
									<gmd:linkage>
										<gmd:URL>https://geoportal.statistics.gov.uk/Docs/Lookups/Lower_layer_super_output_areas_(2001)_to_lower_layer_super_output_areas_(2011)_to_local_authority_districts_(2011)_E+W_lookup.zip</gmd:URL>
									</gmd:linkage>
									<gmd:name>
										<gco:CharacterString>Contact ONS Geography Customer Services</gco:CharacterString>
									</gmd:name>
									<gmd:function>
										<gmd:CI_OnLineFunctionCode codeList="http://www.isotc211.org/2005/resources/Codelist/gmxCodelists.xml#CI_OnLineFunctionCode" codeListValue="information">information</gmd:CI_OnLineFunctionCode>
									</gmd:function>
								</gmd:CI_OnlineResource>
							</gmd:onlineResource>
						</gmd:CI_Contact>
					</gmd:contactInfo>
					<gmd:role>
						<gmd:CI_RoleCode codeList="http://www.isotc211.org/2005/resources/Codelist/gmxCodelists.xml#CI_RoleCode" codeListValue="pointOfContact">pointOfContact</gmd:CI_RoleCode>
					</gmd:role>
				</gmd:CI_ResponsibleParty>
			</gmd:pointOfContact>
			<gmd:resourceMaintenance>
				<gmd:MD_MaintenanceInformation>
					<gmd:maintenanceAndUpdateFrequency>
						<gmd:MD_MaintenanceFrequencyCode codeList="http://www.isotc211.org/2005/resources/Codelist/gmxCodelists.xml#MD_MaintenanceFrequencyCode" codeListValue="asNeeded">asNeeded</gmd:MD_MaintenanceFrequencyCode>
					</gmd:maintenanceAndUpdateFrequency>
				</gmd:MD_MaintenanceInformation>
			</gmd:resourceMaintenance>
			<gmd:descriptiveKeywords>
				<gmd:MD_Keywords>
					<gmd:keyword>
						<gco:CharacterString>Statistical units</gco:CharacterString>
					</gmd:keyword>
					<gmd:keyword>
						<gco:CharacterString>Geographical names</gco:CharacterString>
					</gmd:keyword>
					<gmd:thesaurusName>
						<gmd:CI_Citation>
							<gmd:title>
								<gco:CharacterString>GEMET - INSPIRE themes, version 1.0</gco:CharacterString>
							</gmd:title>
							<gmd:date>
								<gmd:CI_Date>
									<gmd:date>
										<gco:Date>2008-06-01</gco:Date>
									</gmd:date>
									<gmd:dateType>
										<gmd:CI_DateTypeCode codeList="http://standards.iso.org/ittf/PubliclyAvailableStandards/ISO_19139_Schemas/resources/Codelist/ML_gmxCodelists.xml#CI_DateTypeCode" codeListValue="publication">publication</gmd:CI_DateTypeCode>
									</gmd:dateType>
								</gmd:CI_Date>
							</gmd:date>
						</gmd:CI_Citation>
					</gmd:thesaurusName>
				</gmd:MD_Keywords>
			</gmd:descriptiveKeywords>
			<gmd:descriptiveKeywords>
				<gmd:MD_Keywords>
					<gmd:keyword>
						<gco:CharacterString>Lower layer super output area</gco:CharacterString>
					</gmd:keyword>
					<gmd:keyword>
						<gco:CharacterString>LSOA</gco:CharacterString>
					</gmd:keyword>
					<gmd:keyword>
						<gco:CharacterString>Lower layer SOA</gco:CharacterString>
					</gmd:keyword>
					<gmd:keyword>
						<gco:CharacterString>England and Wales</gco:CharacterString>
					</gmd:keyword>
					<gmd:keyword>
						<gco:CharacterString>EW</gco:CharacterString>
					</gmd:keyword>
					<gmd:keyword>
						<gco:CharacterString>E+W</gco:CharacterString>
					</gmd:keyword>
					<gmd:thesaurusName>
						<gmd:CI_Citation>
							<gmd:title>
								<gco:CharacterString>ONS</gco:CharacterString>
							</gmd:title>
							<gmd:date>
								<gmd:CI_Date>
									<gmd:date>
										<gco:Date>2011-12-31</gco:Date>
									</gmd:date>
									<gmd:dateType>
										<gmd:CI_DateTypeCode codeList="http://www.isotc211.org/2005/resources/Codelist/gmxCodelists.xml#CI_DateTypeCode" codeListValue="publication">publication</gmd:CI_DateTypeCode>
									</gmd:dateType>
								</gmd:CI_Date>
							</gmd:date>
						</gmd:CI_Citation>
					</gmd:thesaurusName>
				</gmd:MD_Keywords>
			</gmd:descriptiveKeywords>
			<gmd:resourceConstraints>
				<gmd:MD_Constraints>
					<gmd:useLimitation>
						<gco:CharacterString>http://www.nationalarchives.gov.uk/doc/open-government-licence/</gco:CharacterString>
					</gmd:useLimitation>
					<gmd:useLimitation>
						<gco:CharacterString>Licence</gco:CharacterString>
					</gmd:useLimitation>
					<gmd:useLimitation>
						<gco:CharacterString>Link to the Open Government Licence</gco:CharacterString>
					</gmd:useLimitation>
				</gmd:MD_Constraints>
			</gmd:resourceConstraints>
			<gmd:resourceConstraints>
				<gmd:MD_LegalConstraints>
					<gmd:accessConstraints>
						<gmd:MD_RestrictionCode codeList="http://www.isotc211.org/2005/resources/Codelist/gmxCodelists.xml#MD_RestrictionCode" codeListValue="otherRestrictions">otherRestrictions</gmd:MD_RestrictionCode>
					</gmd:accessConstraints>
					<gmd:otherConstraints>
						<gco:CharacterString>Other Restrictions</gco:CharacterString>
					</gmd:otherConstraints>
				</gmd:MD_LegalConstraints>
			</gmd:resourceConstraints>
			<gmd:language>
				<gmd:LanguageCode codeList="http://standards.iso.org/ittf/PubliclyAvailableStandards/ISO_19139_Schemas/resources/Codelist/ML_gmxCodelists.xml#LanguageCode" codeListValue="eng">eng</gmd:LanguageCode>
			</gmd:language>
			<gmd:topicCategory>
				<gmd:MD_TopicCategoryCode>society</gmd:MD_TopicCategoryCode>
			</gmd:topicCategory>
			<gmd:extent>
				<gmd:EX_Extent>
					<gmd:geographicElement>
						<gmd:EX_GeographicBoundingBox>
							<gmd:westBoundLongitude>
								<gco:Decimal>-8.17167</gco:Decimal>
							</gmd:westBoundLongitude>
							<gmd:eastBoundLongitude>
								<gco:Decimal>1.74944</gco:Decimal>
							</gmd:eastBoundLongitude>
							<gmd:southBoundLatitude>
								<gco:Decimal>49.9553</gco:Decimal>
							</gmd:southBoundLatitude>
							<gmd:northBoundLatitude>
								<gco:Decimal>60.8433</gco:Decimal>
							</gmd:northBoundLatitude>
						</gmd:EX_GeographicBoundingBox>
					</gmd:geographicElement>
					<gmd:temporalElement>
						<gmd:EX_TemporalExtent>
							<gmd:extent>
								<gml:TimePeriod gml:id="Temporal">
									<gml:beginPosition>2011-12-31</gml:beginPosition>
									<gml:endPosition>2011-12-31</gml:endPosition>
								</gml:TimePeriod>
							</gmd:extent>
						</gmd:EX_TemporalExtent>
					</gmd:temporalElement>
				</gmd:EX_Extent>
			</gmd:extent>
		</gmd:MD_DataIdentification>
	</gmd:identificationInfo>
	<gmd:distributionInfo>
		<gmd:MD_Distribution>
			<gmd:distributionFormat>
				<gmd:MD_Format>
					<gmd:name>
						<gco:CharacterString>ArcGIS</gco:CharacterString>
					</gmd:name>
					<gmd:version>
						<gco:CharacterString>10.1</gco:CharacterString>
					</gmd:version>
				</gmd:MD_Format>
			</gmd:distributionFormat>
			<gmd:transferOptions>
				<gmd:MD_DigitalTransferOptions>
					<gmd:onLine>
						<gmd:CI_OnlineResource>
							<gmd:linkage>
								<gmd:URL>https://geoportal.statistics.gov.uk/Docs/Lookups/Lower_layer_super_output_areas_(2001)_to_lower_layer_super_output_areas_(2011)_to_local_authority_districts_(2011)_E+W_lookup.zip</gmd:URL>
							</gmd:linkage>
							<gmd:function>
								<gmd:CI_OnLineFunctionCode codeSpace="ISOTC211/19115" codeList="http://www.isotc211.org/2005/resources/Codelist/gmxCodelists.xml#CI_OnLineFunctionCode" codeListValue="download">download</gmd:CI_OnLineFunctionCode>
							</gmd:function>
						</gmd:CI_OnlineResource>
					</gmd:onLine>
					<gmd:onLine>
						<gmd:CI_OnlineResource>
							<gmd:linkage>
								<gmd:URL>http://www.ons.gov.uk/ons/guide-method/geography/beginner-s-guide/census/super-output-areas--soas-/index.html</gmd:URL>
							</gmd:linkage>
							<gmd:function>
								<gmd:CI_OnLineFunctionCode codeList="http://www.isotc211.org/2005/resources/Codelist/gmxCodelists.xml#CI_OnLineFunctionCode" codeListValue="information">information</gmd:CI_OnLineFunctionCode>
							</gmd:function>
						</gmd:CI_OnlineResource>
					</gmd:onLine>
					<gmd:onLine>
						<gmd:CI_OnlineResource>
							<gmd:linkage>
								<gmd:URL>http://www.ons.gov.uk/ons/guide-method/geography/beginner-s-guide/administrative/index.html</gmd:URL>
							</gmd:linkage>
							<gmd:function>
								<gmd:CI_OnLineFunctionCode codeList="http://www.isotc211.org/2005/resources/Codelist/gmxCodelists.xml#CI_OnLineFunctionCode" codeListValue="information">information</gmd:CI_OnLineFunctionCode>
							</gmd:function>
						</gmd:CI_OnlineResource>
					</gmd:onLine>
					<gmd:onLine>
						<gmd:CI_OnlineResource>
							<gmd:linkage>
								<gmd:URL>http://www.ons.gov.uk/ons/guide-method/geography/products/census/report--changes-to-output-areas-and-super-output-areas-in-england-and-wales--2001-to-2011.pdf</gmd:URL>
							</gmd:linkage>
							<gmd:function>
								<gmd:CI_OnLineFunctionCode codeList="http://www.isotc211.org/2005/resources/Codelist/gmxCodelists.xml#CI_OnLineFunctionCode" codeListValue="information">information</gmd:CI_OnLineFunctionCode>
							</gmd:function>
						</gmd:CI_OnlineResource>
					</gmd:onLine>
				</gmd:MD_DigitalTransferOptions>
			</gmd:transferOptions>
		</gmd:MD_Distribution>
	</gmd:distributionInfo>
	<gmd:dataQualityInfo>
		<gmd:DQ_DataQuality>
			<gmd:scope>
				<gmd:DQ_Scope>
					<gmd:level>
						<gmd:MD_ScopeCode codeList="http://www.isotc211.org/2005/resources/Codelist/gmxCodelists.xml#MD_ScopeCode" codeListValue="dataset">dataset</gmd:MD_ScopeCode>
					</gmd:level>
				</gmd:DQ_Scope>
			</gmd:scope>
			<gmd:report>
				<gmd:DQ_DomainConsistency>
					<gmd:result>
						<gmd:DQ_ConformanceResult>
							<gmd:specification>
								<gmd:CI_Citation>
									<gmd:title>
										<gco:CharacterString>COMMISSION REGULATION (EU) No 1089/2010 of 23 November 2010 implementing Directive 2007/2/EC of the European Parliament and of the Council as regards interoperability of spatial data sets and services</gco:CharacterString>
									</gmd:title>
									<gmd:date>
										<gmd:CI_Date>
											<gmd:date>
												<gco:Date>2010-12-08</gco:Date>
											</gmd:date>
											<gmd:dateType>
												<gmd:CI_DateTypeCode codeList="http://www.isotc211.org/2005/resources/Codelist/gmxCodelists.xml#CI_DateTypeCode" codeListValue="publication">publication</gmd:CI_DateTypeCode>
											</gmd:dateType>
										</gmd:CI_Date>
									</gmd:date>
								</gmd:CI_Citation>
							</gmd:specification>
							<gmd:explanation>
								<gco:CharacterString>http://eur-lex.europa.eu/LexUriServ/LexUriServ.do?uri=OJ:L:2010:323:0011:0102:EN:PDF</gco:CharacterString>
							</gmd:explanation>
							<gmd:pass>
								<gco:Boolean>true</gco:Boolean>
							</gmd:pass>
						</gmd:DQ_ConformanceResult>
					</gmd:result>
				</gmd:DQ_DomainConsistency>
			</gmd:report>
			<gmd:lineage>
				<gmd:LI_Lineage>
					<gmd:statement>
						<gco:CharacterString>The 2011 lower layer super output areas were created by applying 2011 Census population data to the 2001 LSOA.  Only 2.5% of the 2001 LSOA were changed as a result of population change since 2001.
The local authority district names were taken from the Statutory Instrument (SI) and the codes were created by ONS.</gco:CharacterString>
					</gmd:statement>
				</gmd:LI_Lineage>
			</gmd:lineage>
		</gmd:DQ_DataQuality>
	</gmd:dataQualityInfo>
</gmd:MD_Metadata>

